{
  "ka": 0.687433091542758,
  "V": 178.078507042598,
  "Vm": 9.60376527201128,
  "Km": 3.25162519029194,
  "sigma": 0.72904733331515
}
