{
  "ka": 155.270894857026,
  "V": 32.1486268560549,
  "Vm": 5.71127667168161,
  "Km": 8.26178048268189,
  "sigma": 1.87436568700758
}
