{
  "ka": 0.126002486791627,
  "V": 19.3841385811819,
  "Vm": 22.0102630142026,
  "Km": 42.5906783249571,
  "sigma": 0.69093834612607
}
