{
  "ka": 35.6792375936659,
  "V": 16.832965128382,
  "Vm": 9.86814077479784,
  "Km": 29.2826186980181,
  "sigma": 2.13495937365216
}
