{
  "ka": 0.0398213664205466,
  "V": 62.9827856932229,
  "Vm": 4.13069169838316,
  "Km": 0.527691888768051,
  "sigma": 0.404258343316215
}
