{
  "ka": 2.15956050811434,
  "V": 26.8716021655666,
  "Vm": 10.1601807198508,
  "Km": 85.335656957328,
  "sigma": 1.06716694760366
}
