{
  "ka": 0.000810100519208821,
  "V": 27.8991425119051,
  "Vm": 6.57573293761694,
  "Km": 47.6029745429868,
  "sigma": 0.828640398604099
}
