{
  "N": 15,
  "y": [0.154656873070009, 1.84122172799885, 2.65869460937209, 3.253927065533, 3.6120364121075, 2.79415826529637, 2.39495602058722, 1.85722370526377, 1.63206132712759, 1.12239743250064, 0.860053149851036, 0.616171352581474, 0.728078901401794, 0.536278233620222, 0.410609046882072],
  "t": [0.5, 0.75, 1, 1.25, 1.5, 10, 20, 30, 40, 50, 60, 70, 80, 90, 100],
  "y0": [100, 0]
}
