{
  "N": 48,
  "n_obs": 16,
  "n_patients": 3,
  "y": [1.85253877144499, 2.37766203783368, 2.82250588841223, 2.94866376502672, 4.03615054045973, 3.85534215795255, 3.17653521695415, 2.07037408784666, 2.05553332790225, 1.19007803399663, 1.04222282928563, 0.811126081096047, 0.719654880623966, 0.427583565429878, 0.376552413759779, 0.312041292892722, 3.43056061893179, 3.38074675805884, 5.03598708546503, 3.63893327382547, 3.69702640054825, 3.92836297670966, 2.80603199736421, 2.55914062295776, 2.33240449712736, 1.89701206227341, 1.55579050529881, 1.09150360040781, 1.05192120496834, 0.733216159836709, 0.701448983283483, 0.525210488411012, 3.22726792531745, 4.71166603730466, 4.38870710339027, 4.52058138299626, 3.83368887892497, 3.85828477831902, 3.66085725734206, 2.65249929850163, 1.95793046127118, 1.65418662577923, 1.16727869337221, 0.88294957897203, 0.684095963827091, 0.465039375542651, 0.397856418087118, 0.272630063736986],
  "t": [0.25, 0.5, 0.75, 1, 1.25, 1.5, 10, 20, 30, 40, 50, 60, 70, 80, 90, 100, 0.25, 0.5, 0.75, 1, 1.25, 1.5, 10, 20, 30, 40, 50, 60, 70, 80, 90, 100, 0.25, 0.5, 0.75, 1, 1.25, 1.5, 10, 20, 30, 40, 50, 60, 70, 80, 90, 100],
  "y0": [100, 0],
  "start": [1, 17, 33],
  "end": [16, 32, 48]
}
