{
  "N": 15,
  "y": [0.0121479874806603, 1.89473995131325, 2.86005591804713, 3.39384039835565, 3.57083233319991, 3.19819957330899, 2.4221408624282, 1.82807123595962, 1.57290347045406, 1.39207169593912, 0.691328793895811, 0.688608652125788, 0.486149142633277, 0.539747928681579, 0.258464737372961],
  "t": [0.5, 0.75, 1, 1.25, 1.5, 10, 20, 30, 40, 50, 60, 70, 80, 90, 100],
  "y0": [100, 0]
}
