{
  "N": 150,
  "n_obs": 15,
  "n_patients": 10,
  "y": [0.956672662022866, 1.6074873874807, 2.06951690132527, 1.72449875404971, 2.39099279539426, 2.7245086119769, 2.51749965976881, 1.76917404005877, 1.16642605793626, 0.856349657395206, 0.623586878033287, 0.403023622219678, 0.392352138236729, 0.227559135517943, 0.140680174198021, 2.84435942824175, 3.4056792185051, 3.63913528775311, 4.20716705177893, 4.96320036750081, 3.77528377611059, 2.71866763887785, 1.89472048293268, 1.53634836040429, 1.13551947603374, 0.87168571247994, 0.710880103543227, 0.572472991932997, 0.442688183099131, 0.31454031554594, 2.45178051644366, 2.57555313862349, 3.18675115119461, 2.74957751985873, 3.05135939008697, 3.14943745730104, 2.59043191784585, 2.07479727631532, 1.56986328427061, 1.24318167775793, 1.17145975501136, 0.943448123236581, 0.715907838429327, 0.519186967532406, 0.510955585336707, 3.56374505095161, 4.01026717250787, 3.94705475794267, 3.26465602073108, 3.33285592234872, 2.83039333005463, 2.782994258655, 1.70847424607799, 1.7969170203197, 1.43318293384222, 1.07735583560898, 1.01137247740123, 0.757470132637607, 0.6188725022658, 0.512078568378425, 3.11413605106318, 3.55983382476292, 3.57229983785326, 4.30416735887846, 4.28071634524529, 2.94991058187481, 2.65222907814497, 1.2053501437675, 0.989420822023263, 0.688266411413815, 0.399246080563725, 0.359886105958038, 0.262183661261979, 0.166752824302563, 0.140185672274796, 3.57577341363169, 4.12484755582161, 3.24326776566379, 4.96424555818708, 3.92149832866079, 3.74580209776505, 3.24703418799132, 2.32252767573848, 1.54310238150727, 1.73537925157384, 1.51437522508352, 0.994628499207257, 0.902175970118559, 0.688433529940729, 0.463950782082329, 2.97345720508075, 3.06969703570722, 3.61421946369123, 3.3487336587385, 3.36503023005114, 3.06171002880885, 2.2544954866232, 1.57156412209658, 1.51655798383391, 1.2740089494425, 0.825551389831824, 0.615999968650977, 0.468413781147443, 0.32609333927169, 0.261496755361187, 2.74551056152664, 2.620474993876, 3.04792810955606, 3.2673272161166, 3.85495403914196, 2.46360620617982, 2.27553628413739, 1.54139920255656, 1.33158329529467, 0.889720663413958, 0.624882868600372, 0.607277398737928, 0.375916926613378, 0.339413854724372, 0.207945222349448, 2.74741860756716, 2.63962653409145, 3.1360437325003, 3.06229739593585, 4.01687113335398, 2.6623995239617, 2.59116081311412, 1.90300575606752, 1.42913087587832, 1.46151257667265, 1.45617729278348, 0.853319421311762, 0.586678818803891, 0.565689542164454, 0.523015394569268, 2.85404411496741, 3.50081313576378, 3.58667393030985, 3.27814683608294, 3.76514986074873, 3.29112391490486, 2.50396574396113, 2.04185019326222, 1.89595523104326, 1.75229488489122, 1.49753979473549, 1.06224156954854, 1.25880311880085, 0.795212875765236, 0.6918450511738],
  "t": [0.5, 0.75, 1, 1.25, 1.5, 10, 20, 30, 40, 50, 60, 70, 80, 90, 100, 0.5, 0.75, 1, 1.25, 1.5, 10, 20, 30, 40, 50, 60, 70, 80, 90, 100, 0.5, 0.75, 1, 1.25, 1.5, 10, 20, 30, 40, 50, 60, 70, 80, 90, 100, 0.5, 0.75, 1, 1.25, 1.5, 10, 20, 30, 40, 50, 60, 70, 80, 90, 100, 0.5, 0.75, 1, 1.25, 1.5, 10, 20, 30, 40, 50, 60, 70, 80, 90, 100, 0.5, 0.75, 1, 1.25, 1.5, 10, 20, 30, 40, 50, 60, 70, 80, 90, 100, 0.5, 0.75, 1, 1.25, 1.5, 10, 20, 30, 40, 50, 60, 70, 80, 90, 100, 0.5, 0.75, 1, 1.25, 1.5, 10, 20, 30, 40, 50, 60, 70, 80, 90, 100, 0.5, 0.75, 1, 1.25, 1.5, 10, 20, 30, 40, 50, 60, 70, 80, 90, 100, 0.5, 0.75, 1, 1.25, 1.5, 10, 20, 30, 40, 50, 60, 70, 80, 90, 100],
  "y0": [100, 0],
  "start": [1, 16, 31, 46, 61, 76, 91, 106, 121, 136],
  "end": [15, 30, 45, 60, 75, 90, 105, 120, 135, 150]
}
